core,event,top,base,age,unc,n_xrf,n_gs,n_file,reason
GUAC-29A,1,13.4,14.2,2010.5,1.7,2,0,0.0,no grain-size data
GUAC-29A,2,15.1,19.1,2000.1,1.4,8,7,7.0,plotted
GUAC-29A,3,22.6,30.15,1977.9,2.5,15,14,14.0,plotted
GUAC-29A,4,31.3,33.2,1966.1,3.4,4,3,3.0,plotted
GUAC-29A,5,33.55,36.8,1962.0,3.7,6,6,7.0,plotted
GUAC-29A,6,36.8,41.0,1960.6,3.7,9,8,10.0,plotted
GUAC-29A,7,41.0,49.1,1960.6,3.7,17,16,17.0,plotted
GUAC-29A,8,53.25,55.8,1931.5,2.3,5,4,4.0,plotted
GUAC-29A,9,57.0,58.0,1921.0,3.9,3,0,0.0,no grain-size data
GUAC-29A,10,60.0,60.6,1902.1,3.7,2,0,0.0,no grain-size data
GUAC-29A,11,61.5,64.0,1895.6,3.9,6,5,5.0,plotted
GUAC-29A,12,65.0,66.5,1893.8,4.3,4,3,3.0,plotted
GUAC-29A,13,67.2,67.6,1886.7,4.8,1,0,0.0,no grain-size data
GUAC-29A,14,67.9,68.3,1881.3,5.3,1,0,0.0,no grain-size data
GUAC-29A,15,70.8,71.15,1861.9,6.2,1,0,0.0,no grain-size data
GUAC-29A,16,71.25,71.5,1859.9,6.5,1,0,0.0,no grain-size data
GUAC-29A,17,73.5,75.5,1845.3,6.6,5,4,4.0,plotted
GUAC-29A,18,77.0,80.0,1836.7,3.8,7,6,6.0,plotted
GUAC-29A,19,82.5,87.5,1820.6,4.4,11,10,10.0,plotted
GUAC-24A,1,11.5,12.4,2010.5,1.7,2,0,0.0,no grain-size data
GUAC-24A,2,13.0,17.2,2000.1,1.4,8,19,19.0,plotted
GUAC-24A,3,19.6,26.0,1977.9,2.5,13,33,32.0,plotted
GUAC-24A,4,27.4,28.0,1966.1,3.4,1,0,0.0,no grain-size data
GUAC-24A,5,28.6,30.6,1962.0,3.7,4,11,12.0,plotted
GUAC-24A,6,30.6,33.0,1960.6,3.7,5,13,11.0,plotted
GUAC-24A,7,33.0,47.8,1960.6,3.7,30,74,74.0,plotted
GUAC-24A,8,51.6,52.8,1931.5,2.3,3,7,7.0,plotted
GUAC-24A,10,55.6,56.2,1902.1,3.7,1,0,0.0,no grain-size data
GUAC-24A,11,56.6,61.6,1895.6,3.9,10,26,28.0,plotted
GUAC-24A,14,63.4,63.8,1881.3,5.3,1,0,0.0,no grain-size data
GUAC-24A,15,66.2,66.5,1861.9,6.2,1,0,0.0,no grain-size data
GUAC-24A,16,66.5,66.9,1859.9,6.5,1,0,0.0,no grain-size data
GUAC-24A,17,68.6,69.6,1845.3,6.6,2,5,6.0,fewer than 3 XRF points
GUAC-24A,18,70.2,70.6,1836.7,3.8,1,0,0.0,no grain-size data
GUAC-24A,19,71.4,72.4,1820.6,4.4,2,6,6.0,fewer than 3 XRF points
GUAC-24A,20,75.2,79.6,1795.5,3.5,9,23,17.0,plotted
