core,event,depth_cm,Ti_clr,Zr_clr,ln_Mn_Fe,ln_Ti_Ca,ln_Zr_K
GUAC-29A,E02,15.5,0.9167491356149284,-2.44515641925432,-3.366605563646861,-3.818999793555121,-3.657441708275753
GUAC-29A,E02,16.0,0.9241053382919091,-2.4223053425868457,-3.162677742864529,-3.7968904328690347,-3.6788651558734102
GUAC-29A,E02,16.5,1.0836350779989115,-2.1254339518136556,-3.283249587788083,-3.344455125179498,-3.3073282434367406
GUAC-29A,E02,17.0,1.1101475023017375,-2.041261284839096,-3.356467166299613,-3.293132893934956,-3.1822572608553577
GUAC-29A,E02,17.5,1.0699010022737063,-2.148616816683573,-3.288392140817287,-3.3678430745927477,-3.329484290880419
GUAC-29A,E02,18.0,0.9543423614905091,-2.1208775333005345,-3.2742128169625513,-3.6644018781194294,-3.2172167363716238
GUAC-29A,E02,18.5,0.7200947889286642,-2.679874845495168,-3.141461557935864,-4.3311306383950985,-3.74189672172801
GUAC-29A,E02,19.0,0.5854000019113226,-2.6072526278577763,-3.3846440009690797,-4.671823769528031,-3.5914850605005237
GUAC-29A,E03,23.0,0.6991841249187782,-2.606703076939053,-3.151109675186722,-4.387764494858117,-3.8458078194099397
GUAC-29A,E03,23.5,0.6619915503177847,-2.7805980980111595,-2.9566277965095877,-4.479525105536656,-3.7220198466162406
GUAC-29A,E03,24.0,0.7312546205153101,-2.704801062199051,-3.1052378480380263,-4.432619337048358,-3.5962472731055724
GUAC-29A,E03,24.5,0.7221715709895964,-2.6422690382019463,-3.1173629072414637,-4.440796863561478,-3.492576049877565
GUAC-29A,E03,25.0,0.8220907769169585,-2.277740347164805,-3.2306603474685835,-4.055888695152552,-3.316204168828763
GUAC-29A,E03,25.5,0.7028203824529058,-2.5453947186632355,-2.7474892446526282,-4.559741823923076,-2.9479112048771894
GUAC-29A,E03,26.0,0.7294716762676838,-2.5880803287202214,-2.846434312136035,-4.448452829177325,-3.0625969432614846
GUAC-29A,E03,26.5,0.9041306363528179,-2.5071769084329816,-3.029552611978158,-3.985427927615338,-2.954880601480351
GUAC-29A,E03,27.0,0.9070821243059815,-2.627838202514564,-3.047990078497066,-4.032974524827682,-3.116903105467337
GUAC-29A,E03,27.5,0.9724084298619609,-2.6319891034469167,-3.0271547380764092,-3.8206037702040363,-3.210394209645411
GUAC-29A,E03,28.0,1.0678380846539355,-2.441178863732996,-3.2255062469827895,-3.507166714292943,-3.0279949879310424
GUAC-29A,E03,28.5,1.0619483219918973,-2.3827680509656153,-3.4352706984313985,-3.5290423170626717,-3.0517754160284385
GUAC-29A,E03,29.0,1.0118112238570482,-2.6488973532901916,-2.9639224835846445,-3.6556869440457125,-3.5317777275316335
GUAC-29A,E03,29.5,0.9263186617269561,-2.624775254809652,-3.1194627908091768,-3.882550479353492,-3.5662883666512264
GUAC-29A,E03,30.0,0.6744522234214632,-3.111967575824279,-2.928243747733941,-4.537488175157641,-4.0619185131358595
GUAC-29A,E04,31.5,0.8524580152192982,-2.7350957707585444,-2.9881499346873315,-4.031387894972694,-3.277403164315491
GUAC-29A,E04,32.0,0.7998812343615924,-2.502757698481366,-3.1637479416173147,-4.157177537428905,-3.1048661489321168
GUAC-29A,E04,32.5,0.7147756181846869,-2.5017543611037283,-3.3462890810784107,-4.383525538715255,-3.287381362378516
GUAC-29A,E04,33.0,0.6636186710208136,-2.833238479681879,-3.2510487904528067,-4.540565485333429,-3.7894641606515314
GUAC-29A,E05,34.0,0.46604062072137964,-2.9525390562768896,-2.9383442066113723,-5.063947759618361,-4.079995530156042
GUAC-29A,E05,34.5,0.22363372306947937,-2.4822808659023092,-2.56137404879441,-5.504914842208983,-3.405056591987876
GUAC-29A,E05,35.0,0.5094879921239048,-3.3930786780622055,-2.5498327905403713,-5.100217591464632,-4.259983619056119
GUAC-29A,E05,35.5,0.6657078330893302,-2.63933000531246,-2.8250851474219405,-4.517903973307355,-3.4314474504697787
GUAC-29A,E05,36.0,0.8228571613629185,-2.688194560592941,-2.9321158971267396,-4.105797709179566,-3.5677789137450544
GUAC-29A,E05,36.5,0.6360772395792065,-2.7712583770400734,-3.057571440812409,-4.481302257900889,-4.019905815133202
GUAC-29A,E06,37.0,0.6102764641173817,-2.9543237357737704,-3.1362241651692617,-4.709728414388699,-3.938737217898378
GUAC-29A,E06,37.5,0.5771678406894392,-2.6958000564760063,-3.1757601461458824,-4.751419029195177,-3.585437651167733
GUAC-29A,E06,38.0,0.6734970777484879,-2.8560498542370816,-2.841143357857707,-4.603309557707977,-3.388133698715749
GUAC-29A,E06,38.5,0.881291269958302,-2.60416950698162,-2.9575896307593688,-4.001185558293086,-3.1711062877180267
GUAC-29A,E06,39.0,1.0093021524150334,-2.660425934937307,-3.1003424113353235,-3.6396110044558867,-3.382224704392306
GUAC-29A,E06,39.5,0.9734900436537774,-2.477602567798174,-3.1912546037628475,-3.7224286412080856,-3.2282298144327877
GUAC-29A,E06,40.0,1.1642905806331427,-2.456507240824939,-3.333448584894336,-3.1898783456604884,-3.228054623148404
GUAC-29A,E06,40.5,0.7418777760670423,-2.5261823116656315,-3.184431300447982,-4.342598365283021,-3.589472107325541
GUAC-29A,E06,41.0,0.5354953302334984,-2.8059889952683434,-3.2762304840914735,-4.803117914422426,-4.06527827589021
GUAC-29A,E07,41.0,0.5354953302334984,-2.8059889952683434,-3.2762304840914735,-4.803117914422426,-4.06527827589021
GUAC-29A,E07,41.5,0.5298490789578629,-2.7026706172739683,-3.0217884452443333,-4.770168270476366,-3.94429134984808
GUAC-29A,E07,42.0,0.5228500777096894,-2.6259231208134644,-3.1376723627260796,-4.779853831716083,-3.8769749411143515
GUAC-29A,E07,42.5,0.5116995532692457,-2.562780159752262,-3.0635537274919167,-4.716380589763017,-3.834471445142314
GUAC-29A,E07,43.0,0.5846277547981149,-2.683571425401177,-3.065837794425392,-4.596953149553249,-3.887238388605515
GUAC-29A,E07,43.5,0.6593963298847214,-2.5899330286932267,-3.2049360578528177,-4.449157932276086,-3.6924192808190606
GUAC-29A,E07,44.0,0.5219257372116868,-2.7435017233448473,-2.875119342038196,-4.726218947245652,-3.8558666469077845
GUAC-29A,E07,44.5,0.7093827159058712,-2.774823791538994,-3.10001506581939,-4.380138547423795,-3.808499881192155
GUAC-29A,E07,45.0,0.7774544140083623,-2.6578718439166327,-3.236608575261062,-4.203061682314308,-3.6157709822932977
GUAC-29A,E07,45.5,0.8119738198487898,-2.5099277508901716,-3.3137769682791665,-4.066854401694596,-3.4492722893816676
GUAC-29A,E07,46.0,0.8917217777592743,-2.5442460339340913,-3.1397178481153634,-3.852084027971301,-3.4352667951907714
GUAC-29A,E07,46.5,0.7759716606650233,-2.554558157889974,-3.047131972536782,-4.2067293754064075,-3.4762948940392002
GUAC-29A,E07,47.0,0.9053343877176392,-2.6282404990291086,-3.101378999816725,-3.8643496279713343,-3.4861706763727685
GUAC-29A,E07,47.5,0.9371537460132213,-2.4904248386678614,-3.207427363031206,-3.768629687229445,-3.3385540158855376
GUAC-29A,E07,48.0,0.9209660010354259,-2.7901895303116673,-3.1064927729614356,-3.892858401980465,-3.6704820889742202
GUAC-29A,E07,48.5,0.7785786585651611,-2.5435261342597792,-3.1969325095762757,-4.109259452955106,-3.5289293538614688
GUAC-29A,E07,49.0,0.6851687477036474,-2.7474389559419548,-3.1852562485599942,-4.4261287214416445,-3.791698280876973
GUAC-29A,E08,53.5,0.6595455011558933,-2.1746138135002457,-2.787303002899765,-4.36796448160851,-2.485009779783451
GUAC-29A,E08,54.0,0.9207936119844948,-2.4654286524678257,-3.1205621461226514,-3.850062344340639,-2.9803365880760175
GUAC-29A,E08,54.5,0.9132118578908806,-2.509491728992238,-2.9974874890184497,-3.831472063255526,-3.054162307803452
GUAC-29A,E08,55.0,0.8932147446028615,-2.333669638452254,-3.238395225416819,-3.965485290764376,-2.9914610784590163
GUAC-29A,E08,55.5,0.5924560831006662,-2.8233757060799274,-3.3036072621526427,-4.7747283656668245,-3.5203444879160797
GUAC-29A,E11,61.5,0.48474265911953474,-2.688460717094662,-2.9611597795739097,-4.937910324851365,-3.3911108408159816
GUAC-29A,E11,62.0,0.5621400130643401,-2.8195902258592493,-2.8090302756944348,-4.780141869343324,-3.5271393408549043
GUAC-29A,E11,62.5,0.6777866059006499,-2.6044413452987074,-2.9387070590409774,-4.453137239644749,-3.316988271670646
GUAC-29A,E11,63.0,0.64580925812988,-2.6173731540382263,-3.113064566886491,-4.59304460943426,-3.3186693185463163
GUAC-29A,E11,63.5,0.49178604675072535,-2.6121710574441384,-3.2290067544888625,-4.925315142887326,-3.268300708195724
GUAC-29A,E11,64.0,0.6888327108425898,-3.0126902612344653,-3.1945405233534014,-4.616492299442715,-3.653212521098835
GUAC-29A,E12,65.0,0.8447694536326207,-2.6452302350683574,-3.1340942375751517,-4.051200038407165,-3.3345455178771775
GUAC-29A,E12,65.5,0.7673239649736683,-2.6638405937609697,-3.1475927253318305,-4.236876951470032,-3.42438914480614
GUAC-29A,E12,66.0,0.5112214207881038,-2.7149448373427765,-3.032692966271372,-4.882889354868443,-3.5006257024473464
GUAC-29A,E12,66.5,0.831294752154168,-2.445462988334003,-3.313001370924239,-4.11927186819627,-3.3011393179957222
GUAC-29A,E17,73.5,1.000365630864179,-2.553047787299854,-3.2462191171444594,-3.751242951206647,-3.1708588910908486
GUAC-29A,E17,74.0,1.0481747358436095,-2.41832121867622,-3.179111984058301,-3.528656170539287,-3.056900614710181
GUAC-29A,E17,74.5,0.9730900694432734,-2.4124930844173322,-3.354928050328963,-3.668930356864089,-3.1528463649775835
GUAC-29A,E17,75.0,0.7538976481765935,-2.553230921230398,-3.3805634229902917,-4.287348416710396,-3.4350517624139854
GUAC-29A,E18,77.0,0.7531755693524111,-2.5588888332736746,-3.2134489168687206,-4.239172432956331,-3.471089644076828
GUAC-29A,E18,77.5,0.8843139128207405,-2.5915782524254576,-3.2562623520858742,-3.9736201816933736,-3.4112138186360115
GUAC-29A,E18,78.0,0.8404344080713173,-2.3618564915267735,-3.102186819698174,-3.986279363497554,-3.1577355755022545
GUAC-29A,E18,78.5,0.8373316346418918,-2.5839035231961605,-3.139491975324264,-4.057226885544704,-3.3750719589815317
GUAC-29A,E18,79.0,0.7891178342493816,-2.6262953251083863,-3.0661539169163876,-4.160249730411607,-3.44012039349272
GUAC-29A,E18,79.5,0.44940572833826486,-2.4933871599215065,-3.251162638828857,-5.008598930822298,-3.292294075091444
GUAC-29A,E18,80.0,0.7475195406387751,-2.4240689901847405,-3.448726603352626,-4.355971612093777,-3.327096247091895
GUAC-24A,E02,13.3,0.8898959001037632,-2.111661878548359,-3.0212662660569736,-3.843058394699,-3.098213966903966
GUAC-24A,E02,13.8,0.9295550739763314,-2.0564640989311593,-2.842124491935286,-3.6721791082542725,-2.867958813973588
GUAC-24A,E02,14.3,0.6676736431108843,-2.338832823778972,-2.709278079429612,-4.394259483907076,-3.3000967233512863
GUAC-24A,E02,14.8,0.767652275029798,-2.4305159195109125,-2.8728507111404813,-4.173677357257619,-3.5185004347632347
GUAC-24A,E02,15.3,0.9411539362455894,-2.494777102295786,-3.055362455113092,-3.732718968199452,-3.7219252605553734
GUAC-24A,E02,15.8,0.848856811085831,-2.432392563301427,-2.98322295156115,-3.9710146365158074,-3.5485363163491943
GUAC-24A,E02,16.3,0.506956221612743,-2.709998373077563,-2.4962815910560545,-4.749086030758435,-3.5088202115960923
GUAC-24A,E02,16.8,0.5345638859272608,-2.802154232100823,-2.5901696314307614,-4.7778180190042105,-3.4293168169765345
GUAC-24A,E02,17.3,0.5790200647742267,-2.869554053260215,-2.7975336158725708,-4.647161510719491,-3.6351299789671834
GUAC-24A,E03,19.8,0.7169320937776522,-2.986353954771803,-2.7872919263710836,-4.421742751959861,-3.9354422731945142
GUAC-24A,E03,20.3,0.6678747029882608,-2.693773022535913,-2.8660106227775684,-4.510537443992647,-3.475583093020551
GUAC-24A,E03,20.8,0.6925504557731408,-2.662186806633403,-2.9538589224584797,-4.484622791563247,-3.3556951168859093
GUAC-24A,E03,21.3,0.7002172250525955,-2.4762538448748366,-3.0380824432245745,-4.462787748411708,-3.1128338118369703
GUAC-24A,E03,21.8,0.7226471947716799,-2.7091747702273024,-2.824964452534511,-4.405925157786597,-3.312303355857909
GUAC-24A,E03,22.3,0.698814082051685,-2.475691471937087,-2.8488334130666493,-4.403700791677198,-3.0714618050761966
GUAC-24A,E03,22.8,0.799050967142561,-2.486871148808558,-2.8609029311568057,-4.089357374625841,-3.153183800273298
GUAC-24A,E03,23.3,0.9378836592663315,-2.165393144187038,-2.7214612019671844,-3.7036316603471025,-2.677901150450588
GUAC-24A,E03,23.8,0.6842588311541196,-2.558806051019939,-2.795519953632343,-4.508726461366219,-3.129208059650293
GUAC-24A,E03,24.3,0.7343165788451849,-2.5693024276011993,-2.7623280769824627,-4.232673262723282,-3.138207921800746
GUAC-24A,E03,24.8,0.6358544396821983,-2.3622023515246857,-2.70151564201798,-4.452762164714332,-2.8234587959114146
GUAC-24A,E03,25.3,0.4473818948627635,-2.4775852293639584,-2.511785738339243,-4.823110723855121,-2.9623232114228615
GUAC-24A,E03,25.8,0.4419169835939627,-3.1116001344483406,-2.724365186721696,-5.050614276954747,-3.761554562229014
GUAC-24A,E05,28.8,0.5315903043691339,-2.5237226932084704,-2.5296102199791437,-4.74243487705072,-3.242090505398345
GUAC-24A,E05,29.3,0.4899619671560398,-2.24964253537647,-2.4770337508835145,-4.701296261908527,-2.788313716195773
GUAC-24A,E05,29.8,0.5782912862877154,-2.8182421055758136,-2.198063488260258,-4.654878714885662,-3.4236175946546417
GUAC-24A,E05,30.3,0.5060613224133714,-2.6805720433411144,-2.7008698665166766,-4.713442129326716,-3.7372826826329737
GUAC-24A,E05,30.8,0.5957610039085743,-2.869508372174036,-2.8663747795848145,-4.685567832637563,-3.71247936945481
GUAC-24A,E06,31.3,0.6052979587392553,-2.6759674233617448,-2.8973877358880147,-4.636886436177859,-3.476224022750994
GUAC-24A,E06,31.8,0.7925434540034484,-2.5684458791777134,-2.965438250909261,-4.180892234888053,-3.356209503442462
GUAC-24A,E06,32.3,0.6324630437055738,-2.726005313367124,-2.83566945626248,-4.5274317715608525,-3.65272222551459
GUAC-24A,E06,32.8,0.5439580463111291,-3.0304587464546016,-2.881406044202599,-4.797744020467777,-4.184011141199685
GUAC-24A,E07,33.3,0.5565491337331832,-3.0298793208865584,-2.879977526349974,-4.751519283103279,-4.188523919939705
GUAC-24A,E07,33.8,0.5258128743792394,-2.8773553530056315,-2.7675909759122193,-4.7650156079881905,-3.9740200344026433
GUAC-24A,E07,34.3,0.5146304706636169,-2.924883567134656,-2.8985992413102113,-4.81659525855494,-3.9911435666049075
GUAC-24A,E07,34.8,0.5141526024934269,-2.6979414454575386,-2.7373363926579866,-4.733980896016776,-3.6990426868201545
GUAC-24A,E07,35.3,0.47528622042386814,-2.6679181339312494,-2.7375533415448303,-4.7731227669539456,-3.674967338376212
GUAC-24A,E07,35.8,0.4598828689119898,-2.7141525667898234,-2.749256470466898,-4.792518442584485,-3.716670750257937
GUAC-24A,E07,36.3,0.5266601788312375,-2.845339012644364,-2.7738034396477196,-4.7145174483835826,-3.9046128050851396
GUAC-24A,E07,36.8,0.48043405530653516,-2.6672677640121742,-2.361591759968504,-4.619165143373217,-3.5737953294443745
GUAC-24A,E07,37.3,0.535636156536965,-2.2078784662960516,-2.1704870144529735,-4.596520221220272,-2.907503528633685
GUAC-24A,E07,37.8,0.44963902943823797,-2.7733791474273843,-2.577602269137729,-4.945794418180637,-3.681446235692456
GUAC-24A,E07,38.3,0.5848739721716978,-2.6920826907324713,-2.564145660412047,-4.62599079640805,-3.406939446909021
GUAC-24A,E07,38.8,0.564470003904793,-2.5839293697316865,-2.518015691355389,-4.552233869222181,-3.1899067857890873
GUAC-24A,E07,39.3,0.6006455806140139,-2.543061829090991,-2.756420574541476,-4.493325753952014,-3.14970951540657
GUAC-24A,E07,39.8,0.6276531869950155,-2.5408311923367792,-2.478822080543308,-4.374855073255386,-3.1216028177223936
GUAC-24A,E07,40.3,0.7930737386928364,-2.7542604378167557,-2.8394337776131713,-4.168531119914535,-3.4346526256444987
GUAC-24A,E07,40.8,0.8413274309068939,-3.1336170218539943,-2.820776339595865,-4.161993570498018,-3.8127675532615366
GUAC-24A,E07,41.3,0.7509860064976319,-2.4406026478553207,-2.701004209335309,-4.191821707117126,-3.0125089930854827
GUAC-24A,E07,41.8,0.8080793895851563,-2.6189128156088195,-2.894892650117042,-4.141858671051781,-3.2788099132758473
GUAC-24A,E07,42.3,0.8630345884082562,-2.6692206901192552,-3.050201723650568,-4.047966042940777,-3.3062306113545072
GUAC-24A,E07,42.8,0.8606570736918027,-2.8214769922826024,-2.856510100633276,-4.077911990175971,-3.4903772740690857
GUAC-24A,E07,43.3,0.904237956702282,-2.4674027485664096,-2.874762568183336,-3.8688352484906283,-3.1071458609248945
GUAC-24A,E07,43.8,0.9285918949206735,-2.4456130534591853,-2.889919831552466,-3.9433376541301133,-3.1150426548635712
GUAC-24A,E07,44.3,0.9043228312580247,-2.608247489516603,-2.7666408360244157,-4.0157983819655705,-3.3052916046777097
GUAC-24A,E07,44.8,0.9416670707012447,-2.6073848651169875,-2.80447910144893,-3.921857594027982,-3.279245833752781
GUAC-24A,E07,45.3,0.9652161144278608,-2.881815039192402,-2.7414528159780804,-3.9368382407123463,-3.5668569604515885
GUAC-24A,E07,45.8,0.8470537490193308,-2.693184406195928,-2.6694698420315306,-4.159590268938313,-3.338433537949645
GUAC-24A,E07,46.3,0.7619607605691225,-2.6992551802666656,-2.569102603675095,-4.272582098038945,-3.3203714962285784
GUAC-24A,E07,46.8,0.6858410800010315,-2.545450500087223,-2.61893513443449,-4.363967588739694,-3.1454504437215114
GUAC-24A,E07,47.3,0.9304763311088351,-2.479960414093293,-2.690464268529286,-3.8386921055464827,-3.324038301115537
GUAC-24A,E07,47.8,0.8693237957133775,-2.4867387049157204,-3.0224476193786747,-3.9391787598957837,-3.3724227007121352
GUAC-24A,E08,51.8,0.6454034198944107,-2.7168420739317467,-2.9243216366849034,-4.566477095152293,-3.3367503058175014
GUAC-24A,E08,52.3,0.6693797259466159,-2.6501586554645025,-3.016664429364741,-4.482934190105916,-3.306644219958103
GUAC-24A,E08,52.8,0.398860072656273,-2.6958753419025046,-2.921394067149942,-5.09830019337805,-3.267089964917312
GUAC-24A,E11,56.8,0.47554267505491943,-2.7046733182975213,-2.707420329417737,-4.92504838802714,-3.446476958849799
GUAC-24A,E11,57.3,0.6040468959916403,-2.6147469583039493,-2.8945469777143082,-4.763765204365015,-3.3125453152150657
GUAC-24A,E11,57.8,0.6640779309817528,-2.5421970971279677,-2.8875055186999785,-4.563050678698938,-3.2436787176977377
GUAC-24A,E11,58.3,0.7588863063496234,-2.3651414541446893,-2.705443288538139,-4.273039825896456,-2.9491064322139358
GUAC-24A,E11,58.8,0.8194627242204966,-2.451813576245395,-2.6503659919848093,-4.089119849821053,-2.9886592255519306
GUAC-24A,E11,59.3,0.8099152319379161,-2.7760501590826356,-2.7283229139247362,-4.205471368576141,-3.4442832282448372
GUAC-24A,E11,59.8,0.7770509421187555,-2.465027779829109,-2.626608466729938,-4.267572055847736,-3.0209209652219076
GUAC-24A,E11,60.3,0.5943105048911068,-2.8414595979611263,-2.5649493574615367,-4.743569898865859,-3.466267676276762
GUAC-24A,E11,60.8,0.6531789263250882,-2.6937427935937315,-2.7988080958493926,-4.617053073236529,-3.313581998077202
GUAC-24A,E11,61.3,0.44259922083457326,-2.8305209852224555,-2.70805020110221,-5.099515826665454,-3.4414647669696046
GUAC-24A,E11,61.8,0.7292596392188493,-3.1068833048497595,-2.921584026726992,-4.601633321485437,-3.836805694507086
GUAC-24A,E17,68.8,0.694824855845722,-2.5888580087931947,-3.287389594845571,-4.550779797781583,-3.1948392470399596
GUAC-24A,E17,69.3,0.7970456043601803,-2.2737864857191106,-3.272160628702861,-4.183689089994371,-2.916245349047656
GUAC-24A,E19,71.3,0.55017983370103,-2.295879831049054,-3.2829635802895476,-4.672774322425596,-3.1241011639478935
GUAC-24A,E19,71.8,0.6657765297013256,-2.4883199130596587,-3.1953368492533514,-4.454181053071948,-3.3380517961606317
GUAC-24A,E19,72.3,0.3819055633984849,-2.630488743723583,-3.0822218173421514,-5.07890961164601,-3.2900471584896764
GUAC-24A,E20,75.3,0.4818279555139924,-2.7388606582487958,-2.7651240315930083,-4.946616565031616,-3.690939187076947
GUAC-24A,E20,75.8,0.3658880577558694,-2.4625258255962166,-2.858679186878308,-5.032155620944287,-3.264655608882554
GUAC-24A,E20,76.3,0.47593146722916657,-2.7665348682521502,-2.975336410391297,-4.958183740822945,-3.6074869495455855
GUAC-24A,E20,76.8,0.5459474409932614,-2.4718656999839377,-2.9160766210406464,-4.682956725909919,-3.145477659913333
GUAC-24A,E20,77.3,0.8136367217212701,-2.7938058511021637,-2.8742284718126676,-4.288550010679364,-3.5508422140605007
GUAC-24A,E20,77.8,0.9089426979502768,-2.498538479680872,-3.090259604419356,-3.908331912064941,-3.2107948500670496
GUAC-24A,E20,78.3,0.9271825360680772,-2.544317698316269,-3.049667511242833,-3.960649967699942,-3.227425558942027
GUAC-24A,E20,78.8,0.8633735419447959,-3.119742191702187,-2.8837299309968722,-4.186659673406687,-3.812724426497561
GUAC-24A,E20,79.3,0.40571423763462455,-2.6291088030000855,-2.7486391587627472,-5.116467433414945,-3.2061829980697816
GUAC-24A,E20,79.8,0.824030716162202,-2.872709011586249,-3.7418255820494055,-4.493124656293854,-3.5563327981519532
