Sample,Mean_um,Mean_phi,Sorting_phi,RawTotal_pct_QC,N_channels_used,Granule(<-1),V.coarse sand(-1to0),Coarse sand(0-1),Medium sand(1-2),Fine sand(2-3),V.fine sand(3-4),Coarse silt(4-5),Medium silt(5-6),Fine silt(6-7),V.fine silt(7-8),Clay(>8)
15.5 - 16cm,10.845348092797341,6.526779831214218,1.3046947097475559,119.94802276600338,66,1.1847510602925715e-14,0.0,0.0,7.748067223176962e-06,0.5265663011936471,2.376240759242494,6.904343333509376,24.80575457186486,32.32729273758759,20.472325596873674,12.587468951661123
16 - 16.5cm,10.765502848062733,6.537440481559553,1.388250421749893,119.9480227660034,66,8.293257422047998e-14,0.0,0.0,0.19988376590971496,1.4886685822776469,3.07373277609054,6.470959947573703,22.575085825530213,31.6431459260347,21.7803857648085,12.768137411774902
16.5-17.0cm-G2,12.570044631472538,6.313866417542972,1.4915292278887473,119.94802276600338,66,1.1847510602925715e-14,0.0,0.0,0.01676250456137987,1.5804340705407107,4.835524487082624,10.097790899855525,24.54234060603953,29.144308518479306,18.30624998425145,11.476588929189461
17.0 - 17.5cm,12.986431232103444,6.266851167851475,1.8001990348185481,119.94802276599667,66,6.102652711567371e-11,0.0,0.25527439662151613,2.1178489271908476,3.4111146451980745,5.683038699750324,9.362858273494801,19.91869548711493,25.391993956028585,20.160175576045205,13.699000038494688
17.5 - 18.0cm,11.814504485457514,6.403297067561087,1.7228803006085398,119.94802276600308,66,1.99038178129152e-12,0.0,0.0035661600303611117,1.3140900246838463,3.4611184061752724,4.9672348428942135,8.269914195890514,19.636095507023708,26.52789165731454,21.207355763335258,14.612733442650296
18.0- 18.5cm,11.43023290493615,6.451001389251814,1.5756332524585703,119.94802276600342,66,0.0,0.0,3.02840397948229e-05,0.4368747984285393,2.6339391079409133,4.601481816019359,7.820743083459485,20.819860469168948,28.88909113468604,21.340615701153098,13.457363605103822
18.5 - 19.0cm,11.894710643336515,6.393536013303901,1.3512361403897315,119.94802276600339,66,1.4217012723510854e-13,0.0,0.0,0.4187967998155285,2.18832026490485,2.913580510135366,5.930129218377819,25.782269733331876,34.38837013496393,18.737569090833276,9.640964247637214
23 - 23.5cm,10.644018013198165,6.553813332782819,1.18038113579476,119.94802276600343,66,0.0,0.0,0.0,0.0,0.29468770601403477,1.4323581181813327,5.168788991081046,25.15645666554777,35.58744597823312,21.11347368018876,11.246788860753938
23.5 - 24.0cm,11.747192942152049,6.411540131899419,1.184894291414344,119.9480227660034,66,1.1847510602925711e-14,0.0,0.0,0.029285068162586636,0.7338544213553462,1.6623257021800555,6.74764119284783,27.462300347589192,35.19294440743613,18.95579443571249,9.215854424716355
24.0 - 24.5cm,11.209598578084426,6.4791215744124955,1.1781682684746246,119.9480227660034,66,0.0,0.0,0.0,0.0440269698304993,0.944226048978963,1.9110125668186946,4.931821829529161,26.148300399321997,36.49603359091518,19.527943096684012,9.996635497921488
24.5 - 25.0cm,10.924526755859914,6.516285405404633,1.1530203987590326,119.94802276600346,66,1.1847510602925707e-14,0.0014232256760302409,0.45523311501373454,0.37918799327010727,0.47911350571760536,1.2291499570903095,4.2859402223392395,25.84183429293934,36.7595191618788,20.339051534547608,10.229546991527215
25.0- 25.5cm-G,11.936208839486907,6.388511507023331,1.3412532397677404,119.94802276600338,66,1.1847510602925715e-14,0.0,0.0,0.0,0.020173981146202367,2.815252788959591,10.399320965403751,25.26761259471123,31.286261151574273,19.223229439178596,10.988149079026343
25.5 - 26.0cm,12.874717931842621,6.279315364685824,1.4391232170890675,119.94802276600338,66,1.1847510602925715e-14,0.0010822896856688643,0.5298372071777685,0.8615469567611951,1.4069183708802018,3.6607878348307543,9.209503457029331,25.558084126160026,31.144129801789695,17.90111434233104,9.726995613354305
26.0 - 26.5cm,12.973452539732671,6.2682937241314,1.4457326139013094,119.948022766003,66,3.1869803521870268e-12,0.0,0.005288271375578429,0.9371954373360682,2.0814171583569987,3.9301130780812743,8.909200210294568,25.27633276701834,31.4427508525731,18.1129763128896,9.30472591207129
26.5 - 27.0cm,12.922373835649543,6.273985072812532,1.4816239964445161,119.94802276600338,66,0.0,0.0,9.363289727337282e-05,0.748680452171259,2.492225008857759,4.594943319594302,8.510951704933875,24.176867331231303,31.274789838144223,18.777098702065373,9.424350010104632
27.0 - 27.5cm,10.46108399424037,6.578823836078339,1.3676629077813485,119.94802276600325,66,2.227331993350035e-12,0.0,0.028329343116700604,0.8544666128099213,1.1974254629746217,2.282810009693069,5.85197646462112,22.39817304748093,31.975767510857033,22.031576159767383,13.379475388676994
27.5- 28.0cm,17.69612466292174,5.820422735778805,2.0948887953202653,119.94802276600298,66,2.5709098008348856e-12,0.0,0.02637275909065159,4.631109545797347,7.990368960725869,5.0498937807988575,6.899450478151959,19.89847276499023,26.920485063472796,17.75541771107474,10.828428935894976
28.0- 28.5cm,20.08813082310367,5.637512860531551,2.314120374579073,119.94802276600082,66,2.2083759763853922e-11,0.0,0.31768454096049914,6.735229445557839,8.881723823534735,4.972038309853465,6.190586370927285,17.976910492882478,25.07101550147518,18.227478841780623,11.62733267300581
28.5- 29.0cm,14.501060849668919,6.107697742874336,2.14251636700156,119.94802276600325,66,0.0,0.0028820457374788768,2.111828733655857,5.289572142745765,4.152876520271508,4.108150424841895,6.134730238260062,18.040031612038895,26.18200124120552,20.33495977306795,13.64296726817507
29.0- 29.5cm,37.1109472675432,4.752011363065743,2.671781260983485,119.94802276592299,66,7.357541034633858e-10,0.00888019333777838,6.138323823816467,15.795776679091286,11.120199595287936,5.717929178632403,7.764704649641047,14.724588378135252,17.918503067541934,12.546164077763606,8.264930356016535
29.5- 30.0cm-G,26.464939487007847,5.239773834569875,2.7686095495924468,109.95358268079423,66,0.7212887139978498,1.433327093768058,6.083584020021711,7.79426514983442,4.407814494314174,4.835120603789864,7.77829193966037,16.529278374008314,21.707764147141248,16.990677622196387,11.718587841267606
31.5- 32.0cm,12.341338508389262,6.340357315976791,1.459461163001817,119.94802276600338,66,1.1847510602925715e-14,0.0,0.0,0.20696212286973828,1.8309634768720264,4.528164421690971,8.739168715150884,23.953537064685797,30.97684721295566,19.028769811119062,10.735587174655848
32.0 - 32.5cm,10.333174809876752,6.596572607521427,1.2894926376216667,119.94802276600159,66,1.7107805310624963e-11,0.0,0.09893170974173303,0.5807718046899354,0.9325354426282952,2.2133778389125265,4.885810681788939,22.329367581442924,34.145961350168484,22.309844660101845,12.503398930508212
32.5- 33.0cm,10.90401968131991,6.518996118509701,1.2353114492423796,119.94802276600339,66,0.0,0.0,6.400577496410764e-05,0.27100340478174734,0.959824177619063,2.067554368190563,5.128694228911361,24.78623814903969,35.32569469304308,20.29501923071676,11.165907741922766
34.0 - 34.5cm,10.776708317145408,6.535939607205435,1.278891034748928,119.94802276600346,66,1.1847510602925707e-14,0.0,8.949352665988457e-05,0.5038553860557952,1.3982092258814123,2.12984211629813,5.000520493962938,24.013643276346755,34.243678260729844,21.055101883669693,11.655059863528763
34.5 - 35.0cm,14.180877093902101,6.139909423072472,1.5761609782360302,119.94802276600328,66,1.1847510602925725e-13,0.0,0.0,0.4725238281140643,3.394780772263534,5.451792955666868,10.959897941915711,24.5789387365459,28.434469617897655,17.224039307061858,9.483556840534291
35.0 - 35.5cm,13.266595341818377,6.236058016029585,1.453783656710618,119.94802276600329,66,8.885632952194293e-13,0.0,0.025706762961111837,1.09943062188698,2.1141788763663873,3.7453254983872495,9.713820609045854,25.554060824268753,30.810249171334306,17.79044341299354,9.146784222754931
35.5 - 36.0cm,12.184950320311106,6.3587558207641,1.4436195343049212,119.94802276600339,66,9.47800848234057e-14,0.0,0.0,0.4401331866639142,2.4368765181621446,3.7970550866182466,7.45336592683858,24.083877980903644,32.461406445629315,19.159861054963912,10.16742380022015
36.0 - 36.5cm,10.10054554012441,6.6294229733543775,1.2372775043922515,107.13191051287501,66,0.0,0.0,0.0,0.021779725551855523,0.9023210898822739,1.5803699657766823,4.69061538305472,23.121282094842947,34.24210555458287,22.337558012463234,13.103968173845416
36.5 - 37.0cm,10.556590161796057,6.565712278475282,1.3386584235361663,105.51893652283316,66,1.2120828417290041e-13,0.0,0.0249464339916101,0.9840768960062296,2.067369393416255,1.6756379692711496,4.29833145262996,23.27635366958095,34.03771921474309,21.220966303295768,12.414598667064865
37.0- 37.5cm,10.262025712804869,6.606540644273121,1.1569703712980537,116.99403218095824,66,0.0,0.0,0.0,0.0,0.3051943698649315,0.8576896282916582,3.7512112602973633,25.45665307098465,36.37545048248288,21.186293743489543,12.06750744458897
37.5 - 38.0cm,10.587103587211379,6.561548238018529,1.0966564611014715,119.94802276600339,66,0.0,0.0,0.0,0.0,0.3113509115164256,0.790260532051419,3.300349241713156,26.098302552658346,38.32449247270482,20.81573181253883,10.359512476817002
38.0 - 38.5cm,11.84946313240862,6.399034493837479,1.1314303235086864,119.9480227660034,66,2.3695021205851423e-14,0.0,0.0,0.0,0.06267059573850366,1.4931110213738499,6.29627923291258,28.563980095878513,36.963740866823066,17.938093170423656,8.68212501684981
38.5 - 39.0cm,14.461001164171009,6.111688753351185,1.493246212050797,119.94802276600335,66,1.184751060292572e-13,0.0,0.00010664400585191629,0.7961650125685366,2.167465730676402,5.621346837460477,11.077960433661785,25.746666531632744,29.840919852263802,16.291760083054186,8.457608874676097
39.0- 39.5cm,13.776234768847385,6.181674555910644,1.9333259385434811,119.94802276599962,66,3.335074234723691e-11,0.0,0.3864245819539937,4.355272141628879,4.457826203897132,4.443465652246934,7.107670606016583,19.890762362175952,27.45060132164523,19.52794703420402,12.380030096197927
39.5 - 40.0cm,9.629201333237784,6.698368141874783,1.5271499510254478,97.7881006908815,66,1.8891982766043498e-13,0.0,3.911661892516533e-05,0.6512470037369658,2.3702704667554926,2.9372913527493916,4.952920669011857,18.871696739188565,29.6563428105472,23.979514524306893,16.580677317084522
40.0 - 40.5cm,9.41140733430927,6.731373812248463,1.5743353575491978,93.0258594490597,66,6.068166035871036e-09,0.02203254460593491,1.0732924857476527,1.2905165553889428,1.2903287060508046,2.12636268195144,5.249977906039923,18.874003594974706,28.373642516340546,23.446710200428,18.253132802403883
40.5- 41.0cm,39.90422972720865,4.647314513927376,3.126855053439,113.59728141221812,66,1.5647011333957037,7.098705265235501,9.180501275417486,5.862613109193006,3.112154817510522,3.1348397109249753,6.274366919179592,18.57986763291435,22.948884193445238,13.668454561424056,8.57491138135957
41.0 - 41.5cm,11.646254555754394,6.4239901321171615,1.1798902479904,119.9480227660034,66,0.0,0.0,0.0,0.0,0.2947296017510825,1.6621287089734638,6.515851335563348,27.93162776267316,35.47988380556666,18.450673799639347,9.66510498583294
41.5 - 42.0cm,11.444862016925443,6.44915612038898,1.2083996275642364,119.94792788298268,66,0.23664402213124658,0.43925058727954613,0.029421127603239228,0.0005305731025481153,0.662683245023015,1.7898754397351968,5.629188889619638,26.767871937842507,35.286470416181025,19.118698066302642,10.039365695179399
42.0 - 42.5cm,10.251850738431116,6.607971810762681,1.1312647268791105,119.94799677402668,66,0.0,0.0,0.0,0.0,0.0,0.11115439674810522,4.31415033351276,25.198955920011205,37.17045411768185,21.62835359290942,11.57693163913666
42.5 - 43.0cm,12.299026985024343,6.345312005869293,1.3049580604123068,119.94802276557212,66,3.963916402519926e-09,0.012808404692584366,0.18340499660493848,0.06856260875651979,0.9451918701713643,2.8636573131455467,8.34194963771839,26.986834805310362,33.0225239776095,17.892743961954835,9.68232242007204
43.0 - 43.5cm,14.411369973722485,6.11664870226,1.633540194876732,119.94802276600332,66,1.1847510602925722e-14,0.0,5.50420994453941e-05,0.7561528820518495,4.382156829817575,6.25023509318776,8.682590748326206,23.79389114222799,29.808016561717835,16.98033806720281,9.346563633368518
43.5 - 44.0cm,12.604897102751682,6.309871848647354,1.542797463350304,119.9480227660032,66,1.3150736769247544e-12,0.0,0.021069035828963828,1.2840147420836454,2.869962140452148,4.137825061045573,7.641432879164338,23.78923156849109,31.182174507658715,18.650471791186348,10.423818274087864
44.0 - 44.5cm,12.221077588580854,6.3544846899568554,1.4564718623678452,119.94802276600333,66,1.421701272351086e-13,0.0,0.0,0.4959270805323086,2.5724926012474185,3.880900644644914,7.114400575399899,24.4521492793532,32.49354603650159,18.781873002691626,10.208710779628902
44.5 - 45.0cm,12.030228038478292,6.377192200056773,1.3382087829253908,119.94802276600339,66,0.0,0.0,0.0,0.2025337185485319,1.6948590262786574,3.0536374521485543,7.281923672493198,25.64709684521388,33.5332087394209,18.771194543336108,9.815546002560168
45.0 - 45.5cm,12.815640432459116,6.285950613943027,1.7191464017930667,119.94793189271937,66,0.0,0.0,0.09311252853988634,2.587600527413035,3.7961864929072284,4.433222275445431,6.890344580888492,21.809370433866775,29.93965861501856,18.967246352180723,11.483258193739871
45.5 - 46.0cm,11.002001856249121,6.50609013826845,1.4676258716570936,105.17534541294904,66,3.5130117343048143e-13,0.0,5.327994101147635e-05,1.247416836952766,2.663142281777184,1.877667050170269,5.975209247762219,22.85209912328358,32.323973576508266,20.5142929181105,12.546145685493855
46.0 - 46.5cm,10.450953184004385,6.5802216598012455,1.5955228405646902,97.88086845235877,66,1.9600003727858547e-12,0.0,0.023880389894212133,1.2681721717387764,2.8813930999930344,3.51835912857916,4.879699380162646,20.344654726743723,30.654583976894976,21.708526582537502,14.72073054345401
46.5 - 47.0cm,9.625767578444174,6.698882695919259,1.3214285241759982,98.63024542054619,66,2.305313897108753e-13,0.0,0.0,0.36530148748612373,1.6312670213229428,1.876142631897974,3.93921341058989,21.15183853998323,32.90670922897759,23.001131062635743,15.128396617106276
47.0-47.5cm,11.326792350596168,6.464116829506195,1.7985574022290767,113.66685192260373,66,4.813346171562946e-12,0.0,0.24457541268550148,3.4967396719705177,4.392152715863174,2.48360328829666,5.002805584212412,20.1198066801217,29.241230609559842,20.950201347031367,14.06888469025401
47.5 - 48.0cm,8.681519084841113,6.847836778349969,1.2878394405807456,97.20217756405381,66,0.0,0.0,0.0,0.12015125819468953,1.2193047137593065,1.7056197009022727,2.974279354896679,18.852641512219105,31.91810581105809,25.350397182329246,17.85950046664061
48.0-48.5cm,41.4228915555238,4.593427924308784,2.397298378336031,119.94802276600248,66,5.7341951318160886e-12,0.0,0.6545403442406268,16.23208225551888,19.11559223746457,8.801832344540202,6.979937502234435,14.492476551827089,17.362360110881767,10.019192834506384,6.341985818780316
48.5 - 49.0cm,10.273683386673136,6.604902671120773,1.512836251383289,114.85931239659216,66,4.8561673923813876e-11,0.0,0.3686763320156687,1.6067987569489994,1.7323873086737633,2.5319312757127896,4.9387167368488,20.685500632900514,31.396014374377998,22.419651330236114,14.32032325223679
53.5 - 54.0cm,12.79302995867721,6.288498190711006,1.4651067595467167,119.94802276600315,66,2.108856887320778e-12,0.0,0.023246492608625057,1.080702067605858,2.304292798301411,4.324305832172116,7.792173913520032,24.00907815613654,32.680390425733016,18.569298806172952,9.216511507747342
54.0 - 54.5cm,10.707228529683878,6.54527109007028,1.3703309928953231,107.47486080446836,66,5.288996741686842e-14,0.0,3.250607165894328e-05,0.343864374389763,1.7141000498475312,3.1410132982338697,5.066728609472412,21.88856592980426,34.119448229838845,21.986053347488948,11.74019365485266
54.5 - 55.0cm,10.559351075038299,6.565335013183536,1.3730001375046816,108.0282612055066,66,1.0813209844851701e-11,0.0,0.06252640788728274,0.6037713375557305,1.5020191420860183,2.8575380448638446,5.19367640135154,21.581784397898943,33.558311190848144,22.414080439497013,12.226292638000672
55.0 - 55.5cm,10.094930109053347,6.630225267383811,1.4275506587959073,103.61376124555686,66,9.46350140716454e-13,0.0,0.0018632414589899173,0.864865231511995,1.7824709870991176,2.9359464789007848,4.6795095764779076,19.77719615856403,32.832347452989566,23.501721068567278,13.624079804429385
61.5 - 62.0cm,10.894077509349785,6.5203121529384065,1.0318039102027123,115.40950582829402,66,0.0,0.0,0.0,0.0,0.35207923473075436,0.9630670318183063,2.5670751644492764,26.299123942280342,40.856364016966616,20.268189674788886,8.694100934965817
62.0 - 62.5cm,11.631185744732557,6.4258580094859346,1.0697772784017554,119.94802276600346,66,8.293257422047994e-14,0.0,2.5014070499111914e-05,0.36183508084483257,1.5593854004648153,1.477668572832199,3.2789501566870722,27.324695359715612,39.48491932386921,18.87192497807827,7.640596113437411
62.5 - 63.0cm,11.871662599098583,6.396334194516403,1.1146228365415134,119.94802276600348,66,0.0,0.0,2.7163326142884557e-05,0.18808360533709945,1.0931545166152772,2.162806028155413,4.79876954241543,26.91727227882772,38.558599625025714,18.849170828047022,7.432116412250181
63.0 - 63.5cm,10.80725022170981,6.531856696873299,1.0409181020146083,113.22752070993462,66,0.0,0.0,3.34721967049584e-05,0.13018858165230351,0.6675437491099923,0.9401634522663876,2.3788179817023565,25.733739369312566,40.71166139108871,20.555873406427864,8.881978596243115
63.5 - 64.0cm,10.155657473130427,6.621572547627582,1.0833796890376026,109.35999007158622,66,0.0,0.0,0.0,0.006693383202410457,0.680257257007735,1.162801855430109,2.2197147572397946,23.444140045387044,39.43293442374663,22.403373289097573,10.650084988888707
65.0 - 65.5cm,9.938854995813204,6.652704628750924,1.081751131091207,112.92307306231676,66,0.0,0.0,0.0,0.0,0.23789895167568031,1.2897795631099362,2.397335983958284,22.3834617310991,39.373641604345345,23.36102717283228,10.956854992979373
65.5 - 66.0cm,10.160170032761002,6.620931643632318,1.0584336544381934,116.26343275942509,66,0.0,0.0,0.0,0.0,0.16414284851275918,0.9370978988608183,2.1282887524506884,23.87228789596885,40.19033880458147,22.40596014556995,10.301883654055459
66.0 - 66.5cm,10.04126036929505,6.637915823433304,1.255204595847077,111.94382480571869,66,0.0,0.0,0.0,0.09390743874220721,1.1057068691116225,2.3294216704999045,4.240001225751465,21.304279792155373,35.0484210252924,23.264634852483212,12.613627125963816
73.5 - 74.0cm,16.284258475019353,5.940378163548378,2.1106448255415504,119.94802279900085,66,7.11224728922423e-13,0.0,0.02532118766771935,4.24515992023417,8.03300303011189,4.814471345161325,6.031055516551607,18.12881961614856,26.62964300523096,19.66297834418124,12.429548034711814
74.0 - 74.5cm,8.773345883331832,6.832657137690852,1.2595761462871535,102.97943149223401,66,1.3799702046591394e-14,0.0,0.0,0.00043465740838566076,0.3578962585741448,1.4908556201067746,4.043406093102081,18.779812485807504,32.36541313849731,25.94040737436238,17.021774372141408
74.5 - 75.0cm,8.920726587436661,6.808623063148673,1.4922394316468361,98.30946467550241,66,1.4455225406942106e-14,0.001709237108183501,0.6596757030952821,1.3962757660363625,1.4060105792218085,1.800654342913615,4.1120630497354345,17.164857009026957,29.716816419052126,25.564369883945133,18.177568009865084
75.0 - 75.5cm,8.961838263267298,6.801989594646533,1.0953152546198703,108.60240787034294,66,0.0,0.0,0.0,0.0,0.16892131863348342,0.8165389874895379,1.4273183451808928,19.742747449892903,38.027935619254635,25.990410208441958,13.826128071106595
77.0 - 77.5cm,12.34713808403933,6.339679508324124,1.8531708109930798,108.45830090401617,66,1.48997355345824e-11,0.0,1.088168722261991,5.511055511916741,4.492124412138612,1.8000467969376697,4.026855595696352,19.385733300237323,31.659365789127328,20.643106439198462,11.393543432470622
77.5 - 78.0cm,9.77450399091217,6.676760790222385,1.4683005300297811,104.40015256346219,66,1.9192792976288604e-12,0.0,0.003523802422869194,1.6185437728619314,2.563224266681197,1.4789300727086205,3.236834919009369,19.463356927327155,33.85685889007029,23.82251104354171,13.956216305374937
78.0 - 78.5cm,12.495082763523001,6.32249573235741,1.6796931694137218,119.94802276599842,66,4.5482593204633625e-11,0.0,0.378508319715657,2.871147566447404,4.062128037622738,3.7101281908205515,5.314278842528385,21.009968896851415,32.392866266599206,20.079290873886393,10.181683005482768
78.5 - 79.0cm,10.898150879285792,6.519772820239609,1.4895733452690276,119.94802276600332,66,1.3861587405423076e-12,0.0,0.0022819938726572793,0.8041964601733497,2.9778676409302474,3.351024818223831,5.136040651207756,20.389622794809668,33.165208244089946,22.414028378612173,11.759729018078986
79.0 - 79.5cm',9.638331425833162,6.697000873894933,1.2510418169912483,102.73351899077925,66,0.0,0.0,0.0,0.0,0.27057129325889406,1.6173352218198036,4.998218729261742,21.32706379211448,33.78595820215509,23.70628314778046,14.294569613609525
79.5 - 80.0cm,10.21300563005635,6.613448684043466,1.023835928035962,119.94790923900003,66,2.3676944583846058e-14,0.0,0.0,0.0,0.0,0.0,1.4844036107632252,25.546130268437178,41.06858973618302,21.95363500269987,9.947241381916683
82.5 - 83.0cm,11.783347742695188,6.407106711248858,1.0426850310182796,119.94802276600336,66,0.0,0.0,0.0,0.0,0.38690483072466403,1.4100537087133436,4.653837703935045,28.26543021924277,39.38053831514955,18.793258071458524,7.109977150776103
83.0 - 83.5cm,11.423972620434395,6.451791762964092,1.0179979960300352,119.94802276600343,66,3.554253180877713e-14,0.0,0.0,0.0004036786332775484,0.40039586036258507,0.4468833618783088,3.8083451387318883,28.28886290628847,40.0851741555196,19.476418115366855,7.493516783218979
83.5 - 84.0cm,11.608998345080186,6.428612691725118,1.027159262964524,119.9480227660034,66,1.1847510602925711e-14,0.0,0.0,8.682520035975056e-06,0.391079881744693,0.9353628672410335,3.9055088819524104,28.704490491327928,39.82112111338228,18.82874946206509,7.4136786197665145
84.0 - 84.5cm,11.157185306377487,6.485883074498537,1.0229634153285758,119.94802276600342,66,0.0,0.0,0.0,0.029819117047743482,0.5062320769968931,1.001935312992183,2.963355907311847,26.868878317972197,40.67013129313813,20.03848787934305,7.921160095197962
84.5 - 85.0cm,12.304683644191286,6.344648623471823,1.1532304893709062,119.94802276600348,66,1.1847510602925705e-14,0.0,0.0,0.0,0.056840187413190406,1.4441588169385342,8.437485112559331,28.583076466326645,35.28969559266197,18.330454865848324,7.85828895825199
85.0 - 85.5cm,11.799879300835412,6.405084087219538,1.2335220066613175,119.94802276600345,66,0.0,0.0,0.0,0.0,0.06807740685878982,2.09023348160222,8.715075673125543,25.90999392875978,34.019727957877365,19.790504260706072,9.406387291070232
85.5 - 86.0cm,12.484852319497003,6.3236774337220085,1.3159322984503112,119.94802276600338,66,0.0,0.0,0.0,0.0,0.00667546639499795,2.3461035189727824,11.80828486515905,26.610827420958103,30.596543783086545,18.687416804103833,9.944148141324689
86.0 - 86.5cm,11.470421815195914,6.445937743538536,1.3340943341059721,119.94802276600339,66,0.0,0.0,0.0,0.0,0.007150710738863471,2.064546524523001,10.339980058212372,24.720828378307086,30.468223074520743,20.61045544420925,11.788815809488682
86.5 - 87.0cm,10.282730082634911,6.6036328363548416,1.326417330334705,106.8797074455634,66,0.0,0.0,0.0,0.0,0.22431410652711434,2.524312213456638,7.0994089981615405,21.683430372823473,32.000849545612226,22.934620942068584,13.533063821350424
87.0 - 87.5cm,10.616533118777236,6.557543465903437,1.0952156137005566,119.94802276600345,66,4.7390042411702826e-14,0.0,0.0,0.08292642642360058,0.37805729181300385,1.0688423019562328,3.651840825821284,24.872411093332573,38.59516430570871,21.54325404951331,9.807503705431245
